-- --------------------------------------------------------
-- Host:                         127.0.0.1
-- Server version:               8.0.30 - MySQL Community Server - GPL
-- Server OS:                    Win64
-- HeidiSQL Version:             12.1.0.6537
-- --------------------------------------------------------

/*!40101 SET @OLD_CHARACTER_SET_CLIENT=@@CHARACTER_SET_CLIENT */;
/*!40101 SET NAMES utf8 */;
/*!50503 SET NAMES utf8mb4 */;
/*!40103 SET @OLD_TIME_ZONE=@@TIME_ZONE */;
/*!40103 SET TIME_ZONE='+00:00' */;
/*!40014 SET @OLD_FOREIGN_KEY_CHECKS=@@FOREIGN_KEY_CHECKS, FOREIGN_KEY_CHECKS=0 */;
/*!40101 SET @OLD_SQL_MODE=@@SQL_MODE, SQL_MODE='NO_AUTO_VALUE_ON_ZERO' */;
/*!40111 SET @OLD_SQL_NOTES=@@SQL_NOTES, SQL_NOTES=0 */;


-- Dumping database structure for smarttrack_db
DROP DATABASE IF EXISTS `smarttrack_db`;
CREATE DATABASE IF NOT EXISTS `smarttrack_db` /*!40100 DEFAULT CHARACTER SET utf8mb4 COLLATE utf8mb4_0900_ai_ci */ /*!80016 DEFAULT ENCRYPTION='N' */;
USE `smarttrack_db`;

-- Dumping structure for table smarttrack_db.employees
DROP TABLE IF EXISTS `employees`;
CREATE TABLE IF NOT EXISTS `employees` (
  `employeeID` varchar(50) CHARACTER SET utf8mb4 COLLATE utf8mb4_0900_ai_ci NOT NULL,
  `id` int DEFAULT NULL,
  `password_hash` varchar(255) CHARACTER SET utf8mb4 COLLATE utf8mb4_0900_ai_ci DEFAULT NULL,
  `role` varchar(50) CHARACTER SET utf8mb4 COLLATE utf8mb4_0900_ai_ci DEFAULT NULL,
  PRIMARY KEY (`employeeID`) USING BTREE
) ENGINE=InnoDB DEFAULT CHARSET=utf8mb4 COLLATE=utf8mb4_0900_ai_ci;

-- Dumping data for table smarttrack_db.employees: ~118 rows (approximately)
INSERT INTO `employees` (`employeeID`, `id`, `password_hash`, `role`) VALUES
	('1020', 1, '194', 'user'),
	('1122', 2, '249', 'user'),
	('12', 3, '3', 'user'),
	('12.1', NULL, '3', 'user'),
	('12.3', NULL, '3', 'manager'),
	('1224', NULL, '300', 'user'),
	('1234567890', NULL, '$2y$10$bNjMaEAUbm2Z.eAMf/p3m.YYj3pw2vMhchHJ7C8Kt5w.D10biK6xC', NULL),
	('1234567891', NULL, '$2y$10$FKW7E2BLEZM1e/ST1QcTpOE6tOXQaQwaIMJYeFMLy7/OEC40x75h2', NULL),
	('1234567892', NULL, '$2y$10$rcrbaYSySnxvVl/JwtmClOkVntV80VKQ/uBiAp6H5sn7jrz5M1RhC', NULL),
	('1326', NULL, '351', 'user'),
	('1428', NULL, '390', 'user'),
	('1530', NULL, '461', 'user'),
	('1632', NULL, '528', 'user'),
	('1734', NULL, '595', 'user'),
	('1836', NULL, '666', 'user'),
	('1938', NULL, '705', 'user'),
	('2040', NULL, '820', 'user'),
	('2142', NULL, '871', 'user'),
	('2244', NULL, '990', 'user'),
	('2346', NULL, '1077', 'user'),
	('24', NULL, '10', 'user'),
	('24.2', NULL, '10', 'user'),
	('24.6', NULL, '10', 'manager'),
	('2448', NULL, '1176', 'user'),
	('2550', NULL, '1275', 'user'),
	('2652', NULL, '1362', 'user'),
	('2754', NULL, '1449', 'user'),
	('2856', NULL, '1596', 'user'),
	('2958', NULL, '1679', 'user'),
	('3060', NULL, '1814', 'user'),
	('3162', NULL, '1949', 'user'),
	('3264', NULL, '2080', 'user'),
	('3366', NULL, '2211', 'user'),
	('3468', NULL, '2346', 'user'),
	('3570', NULL, '2481', 'user'),
	('36', NULL, '17', 'user'),
	('36.300000000000001', NULL, '17', 'user'),
	('36.8999999999999995', NULL, '17', 'manager'),
	('3672', NULL, '2564', 'user'),
	('3774', NULL, '2711', 'user'),
	('3876', NULL, '2926', 'user'),
	('3978', NULL, '3013', 'user'),
	('4080', NULL, '3240', 'user'),
	('4182', NULL, '3339', 'user'),
	('4284', NULL, '3554', 'user'),
	('4386', NULL, '3673', 'user'),
	('4488', NULL, '3852', 'user'),
	('4590', NULL, '4095', 'user'),
	('4692', NULL, '4262', 'user'),
	('4794', NULL, '4461', 'user'),
	('48', NULL, '36', 'user'),
	('48.4', NULL, '36', 'user'),
	('4896', NULL, '4656', 'user'),
	('49.2', NULL, '36', 'manager'),
	('4998', NULL, '4851', 'user'),
	('50100', NULL, '5050', 'user'),
	('510', NULL, '55', 'user'),
	('510.5', NULL, '55', 'user'),
	('511.5', NULL, '55', 'manager'),
	('51102', NULL, '5217', 'user'),
	('52104', NULL, '5396', 'user'),
	('53106', NULL, '5575', 'user'),
	('54108', NULL, '5886', 'user'),
	('55110', NULL, '6037', 'user'),
	('56112', NULL, '6328', 'user'),
	('57114', NULL, '6491', 'user'),
	('58116', NULL, '6770', 'user'),
	('59118', NULL, '6921', 'user'),
	('60120', NULL, '7196', 'user'),
	('61122', NULL, '7471', 'user'),
	('612', NULL, '78', 'user'),
	('612.600000000000001', NULL, '78', 'user'),
	('613.799999999999999', NULL, '78', 'manager'),
	('62124', NULL, '7734', 'user'),
	('63126', NULL, '7997', 'user'),
	('64128', NULL, '8256', 'user'),
	('65130', NULL, '8515', 'user'),
	('66132', NULL, '8778', 'user'),
	('67134', NULL, '9041', 'user'),
	('68136', NULL, '9316', 'user'),
	('69138', NULL, '9591', 'user'),
	('70140', NULL, '9742', 'user'),
	('71142', NULL, '10021', 'user'),
	('714', NULL, '101', 'user'),
	('714.700000000000001', NULL, '101', 'user'),
	('716.099999999999998', NULL, '101', 'manager'),
	('72144', NULL, '10440', 'user'),
	('73146', NULL, '10731', 'user'),
	('74148', NULL, '10882', 'user'),
	('75150', NULL, '11193', 'user'),
	('76152', NULL, '11628', 'user'),
	('77154', NULL, '11807', 'user'),
	('78156', NULL, '12230', 'user'),
	('79158', NULL, '12429', 'user'),
	('80160', NULL, '12880', 'user'),
	('81162', NULL, '13075', 'user'),
	('816', NULL, '136', 'user'),
	('816.8', NULL, '136', 'user'),
	('818.4', NULL, '136', 'manager'),
	('82164', NULL, '13530', 'user'),
	('83166', NULL, '13697', 'user'),
	('84168', NULL, '14196', 'user'),
	('85170', NULL, '14375', 'user'),
	('86172', NULL, '14750', 'user'),
	('87174', NULL, '15221', 'user'),
	('88176', NULL, '15576', 'user'),
	('89178', NULL, '15803', 'user'),
	('90180', NULL, '16146', 'user'),
	('91182', NULL, '16617', 'user'),
	('918', NULL, '171', 'user'),
	('918.900000000000002', NULL, '171', 'user'),
	('920.7', NULL, '171', 'manager'),
	('92184', NULL, '17020', 'user'),
	('93186', NULL, '17359', 'user'),
	('94188', NULL, '17750', 'user'),
	('95190', NULL, '18141', 'user'),
	('96192', NULL, '18528', 'user'),
	('97194', NULL, '18915', 'user'),
	('98196', NULL, '19306', 'user'),
	('99', NULL, 'asvbnadjhnvijcuwen42398cnm', 'manager'),
	('99198', NULL, '19697', 'user');

-- Dumping structure for table smarttrack_db.inventory
DROP TABLE IF EXISTS `inventory`;
CREATE TABLE IF NOT EXISTS `inventory` (
  `ProductID` varchar(50) CHARACTER SET utf8mb4 COLLATE utf8mb4_0900_ai_ci NOT NULL,
  `Location` varchar(50) CHARACTER SET utf8mb4 COLLATE utf8mb4_0900_ai_ci NOT NULL,
  `ProductName` varchar(50) CHARACTER SET utf8mb4 COLLATE utf8mb4_0900_ai_ci NOT NULL,
  `Stock` int NOT NULL,
  KEY `Location` (`Location`),
  KEY `Product Id` (`ProductID`) USING BTREE
) ENGINE=InnoDB DEFAULT CHARSET=utf8mb4 COLLATE=utf8mb4_0900_ai_ci;

-- Dumping data for table smarttrack_db.inventory: ~198 rows (approximately)
INSERT INTO `inventory` (`ProductID`, `Location`, `ProductName`, `Stock`) VALUES
	('9', 'warehouse2', 'Product34', 339),
	('9', 'warehouse4', 'Product88', 319),
	('8', 'warehouse2', 'Product14', 664),
	('7', 'warehouse3', 'Product15', 626),
	('1', 'warehouse4', 'Product89', 669),
	('0', 'warehouse0', 'Product33', 611),
	('5', 'warehouse3', 'Product85', 40),
	('6', 'warehouse6', 'Product29', 867),
	('9', 'warehouse8', 'Product36', 630),
	('6', 'warehouse5', 'Product61', 571),
	('9', 'warehouse8', 'Product36', 97),
	('8', 'warehouse4', 'Product86', 214),
	('1', 'warehouse3', 'Product36', 629),
	('7', 'warehouse3', 'Product39', 235),
	('3', 'warehouse1', 'Product77', 398),
	('6', 'warehouse6', 'Product75', 72),
	('1', 'warehouse9', 'Product40', 384),
	('7', 'warehouse5', 'Product35', 645),
	('1', 'warehouse7', 'Product47', 662),
	('2', 'warehouse0', 'Product87', 27),
	('4', 'warehouse6', 'Product5', 300),
	('5', 'warehouse0', 'Product52', 941),
	('7', 'warehouse2', 'Product67', 188),
	('1', 'warehouse4', 'Product91', 276),
	('1', 'warehouse6', 'Product15', 454),
	('5', 'warehouse9', 'Product22', 88),
	('8', 'warehouse9', 'Product99', 243),
	('3', 'warehouse5', 'Product94', 6),
	('6', 'warehouse5', 'Product83', 745),
	('8', 'warehouse6', 'Product13', 945),
	('7', 'warehouse7', 'Product21', 976),
	('1', 'warehouse6', 'Product32', 487),
	('0', 'warehouse2', 'Product5', 536),
	('6', 'warehouse0', 'Product83', 638),
	('8', 'warehouse8', 'Product17', 908),
	('6', 'warehouse6', 'Product70', 398),
	('9', 'warehouse0', 'Product8', 878),
	('5', 'warehouse1', 'Product60', 413),
	('8', 'warehouse5', 'Product76', 74),
	('4', 'warehouse3', 'Product18', 724),
	('4', 'warehouse1', 'Product84', 7),
	('0', 'warehouse9', 'Product10', 562),
	('3', 'warehouse0', 'Product45', 233),
	('8', 'warehouse5', 'Product63', 652),
	('7', 'warehouse1', 'Product5', 67),
	('7', 'warehouse4', 'Product58', 770),
	('4', 'warehouse4', 'Product79', 13),
	('3', 'warehouse4', 'Product69', 718),
	('0', 'warehouse0', 'Product7', 917),
	('2', 'warehouse9', 'Product66', 705),
	('9', 'warehouse9', 'Product44', 894),
	('7', 'warehouse6', 'Product0', 529),
	('8', 'warehouse2', 'Product26', 833),
	('0', 'warehouse6', 'Product35', 260),
	('5', 'warehouse4', 'Product18', 906),
	('9', 'warehouse2', 'Product27', 416),
	('3', 'warehouse9', 'Product80', 229),
	('5', 'warehouse7', 'Product31', 301),
	('2', 'warehouse8', 'Product94', 609),
	('9', 'warehouse8', 'Product88', 36),
	('4', 'warehouse8', 'Product6', 556),
	('3', 'warehouse9', 'Product39', 628),
	('5', 'warehouse6', 'Product86', 55),
	('1', 'warehouse5', 'Product83', 224),
	('4', 'warehouse9', 'Product91', 598),
	('3', 'warehouse9', 'Product1', 720),
	('7', 'warehouse5', 'Product17', 604),
	('0', 'warehouse4', 'Product81', 980),
	('0', 'warehouse2', 'Product4', 280),
	('8', 'warehouse7', 'Product80', 229),
	('6', 'warehouse5', 'Product52', 859),
	('7', 'warehouse7', 'Product8', 984),
	('0', 'warehouse3', 'Product31', 588),
	('5', 'warehouse0', 'Product11', 483),
	('0', 'warehouse8', 'Product3', 579),
	('7', 'warehouse5', 'Product30', 636),
	('1', 'warehouse9', 'Product25', 984),
	('5', 'warehouse5', 'Product98', 550),
	('5', 'warehouse4', 'Product41', 169),
	('0', 'warehouse1', 'Product17', 15),
	('9', 'warehouse3', 'Product34', 373),
	('9', 'warehouse9', 'Product29', 462),
	('6', 'warehouse2', 'Product83', 846),
	('5', 'warehouse6', 'Product19', 843),
	('0', 'warehouse2', 'Product75', 53),
	('1', 'warehouse4', 'Product75', 785),
	('8', 'warehouse7', 'Product33', 298),
	('5', 'warehouse9', 'Product52', 20),
	('3', 'warehouse9', 'Product72', 734),
	('3', 'warehouse9', 'Product17', 497),
	('0', 'warehouse3', 'Product38', 572),
	('2', 'warehouse7', 'Product27', 798),
	('7', 'warehouse7', 'Product94', 940),
	('6', 'warehouse1', 'Product80', 446),
	('2', 'warehouse3', 'Product16', 755),
	('8', 'warehouse2', 'Product35', 979),
	('2', 'warehouse9', 'Product13', 832),
	('3', 'warehouse4', 'Product43', 346),
	('5', 'warehouse3', 'Product61', 28),
	('395', 'warehouse7', 'Product95', 311),
	('401', 'warehouse1', 'Product27', 961),
	('132', 'warehouse3', 'Product56', 431),
	('146', 'warehouse5', 'Product60', 69),
	('501', 'warehouse0', 'Product76', 386),
	('792', 'warehouse1', 'Product12', 234),
	('387', 'warehouse5', 'Product32', 600),
	('68', 'warehouse6', 'Product42', 322),
	('86', 'warehouse0', 'Product57', 835),
	('81', 'warehouse1', 'Product43', 215),
	('964', 'warehouse4', 'Product30', 514),
	('965', 'warehouse5', 'Product7', 414),
	('984', 'warehouse2', 'Product56', 300),
	('977', 'warehouse6', 'Product7', 596),
	('136', 'warehouse9', 'Product32', 863),
	('315', 'warehouse9', 'Product6', 692),
	('221', 'warehouse7', 'Product61', 312),
	('800', 'warehouse5', 'Product61', 398),
	('224', 'warehouse3', 'Product34', 34),
	('105', 'warehouse9', 'Product63', 581),
	('225', 'warehouse1', 'Product87', 775),
	('721', 'warehouse8', 'Product31', 861),
	('977', 'warehouse4', 'Product48', 691),
	('491', 'warehouse4', 'Product83', 336),
	('66', 'warehouse8', 'Product59', 999),
	('72', 'warehouse4', 'Product54', 554),
	('324', 'warehouse6', 'Product48', 263),
	('842', 'warehouse8', 'Product83', 810),
	('907', 'warehouse8', 'Product43', 194),
	('651', 'warehouse3', 'Product86', 540),
	('440', 'warehouse9', 'Product52', 255),
	('733', 'warehouse1', 'Product0', 506),
	('191', 'warehouse8', 'Product28', 96),
	('891', 'warehouse9', 'Product88', 729),
	('212', 'warehouse1', 'Product62', 373),
	('315', 'warehouse9', 'Product27', 714),
	('634', 'warehouse8', 'Product17', 168),
	('855', 'warehouse7', 'Product57', 415),
	('935', 'warehouse1', 'Product21', 402),
	('542', 'warehouse1', 'Product27', 578),
	('300', 'warehouse6', 'Product7', 859),
	('828', 'warehouse2', 'Product13', 74),
	('877', 'warehouse4', 'Product97', 473),
	('480', 'warehouse7', 'Product24', 942),
	('220', 'warehouse7', 'Product29', 592),
	('967', 'warehouse6', 'Product38', 769),
	('840', 'warehouse6', 'Product13', 585),
	('688', 'warehouse3', 'Product97', 889),
	('911', 'warehouse2', 'Product18', 341),
	('9', 'warehouse8', 'Product3', 17),
	('730', 'warehouse5', 'Product58', 723),
	('722', 'warehouse8', 'Product31', 908),
	('224', 'warehouse7', 'Product98', 847),
	('920', 'warehouse0', 'Product49', 576),
	('904', 'warehouse6', 'Product53', 417),
	('693', 'warehouse9', 'Product10', 346),
	('406', 'warehouse1', 'Product96', 769),
	('250', 'warehouse6', 'Product53', 82),
	('833', 'warehouse1', 'Product48', 573),
	('631', 'warehouse5', 'Product99', 931),
	('883', 'warehouse1', 'Product66', 328),
	('755', 'warehouse0', 'Product79', 324),
	('878', 'warehouse1', 'Product66', 965),
	('3', 'warehouse8', 'Product39', 965),
	('324', 'warehouse5', 'Product86', 542),
	('398', 'warehouse4', 'Product15', 33),
	('985', 'warehouse7', 'Product37', 237),
	('897', 'warehouse0', 'Product63', 597),
	('903', 'warehouse3', 'Product66', 26),
	('375', 'warehouse6', 'Product91', 236),
	('598', 'warehouse2', 'Product97', 179),
	('964', 'warehouse1', 'Product11', 122),
	('517', 'warehouse1', 'Product78', 596),
	('152', 'warehouse0', 'Product53', 668),
	('207', 'warehouse1', 'Product70', 230),
	('817', 'warehouse8', 'Product48', 669),
	('499', 'warehouse4', 'Product39', 102),
	('490', 'warehouse1', 'Product43', 370),
	('111', 'warehouse5', 'Product56', 51),
	('220', 'warehouse7', 'Product13', 461),
	('437', 'warehouse9', 'Product82', 384),
	('730', 'warehouse0', 'Product56', 891),
	('188', 'warehouse0', 'Product71', 457),
	('941', 'warehouse9', 'Product29', 999),
	('139', 'warehouse5', 'Product79', 507),
	('552', 'warehouse1', 'Product34', 619),
	('439', 'warehouse4', 'Product38', 266),
	('452', 'warehouse6', 'Product52', 708),
	('81', 'warehouse0', 'Product48', 149),
	('662', 'warehouse0', 'Product89', 57),
	('313', 'warehouse8', 'Product11', 338),
	('68', 'warehouse6', 'Product10', 177),
	('633', 'warehouse3', 'Product56', 764),
	('16', 'warehouse8', 'Product62', 981),
	('172', 'warehouse9', 'Product87', 609),
	('629', 'warehouse3', 'Product90', 143),
	('921', 'warehouse9', 'Product85', 203),
	('786', 'warehouse4', 'Product62', 890),
	('581', 'warehouse9', 'Product41', 355);

-- Dumping structure for table smarttrack_db.items
DROP TABLE IF EXISTS `items`;
CREATE TABLE IF NOT EXISTS `items` (
  `RFID` varchar(50) CHARACTER SET utf8mb4 COLLATE utf8mb4_0900_ai_ci NOT NULL,
  `Location` varchar(50) CHARACTER SET utf8mb4 COLLATE utf8mb4_0900_ai_ci NOT NULL,
  `ProductID` varchar(50) NOT NULL,
  `ProductName` varchar(50) CHARACTER SET utf8mb4 COLLATE utf8mb4_0900_ai_ci NOT NULL,
  `Supplier` varchar(50) CHARACTER SET utf8mb4 COLLATE utf8mb4_0900_ai_ci NOT NULL,
  PRIMARY KEY (`RFID`),
  KEY `FK_item_supplier` (`Supplier`),
  CONSTRAINT `FK_item_supplier` FOREIGN KEY (`Supplier`) REFERENCES `supplier` (`CompanyName`)
) ENGINE=InnoDB DEFAULT CHARSET=utf8mb4 COLLATE=utf8mb4_0900_ai_ci;

-- Dumping data for table smarttrack_db.items: ~99 rows (approximately)
INSERT INTO `items` (`RFID`, `Location`, `ProductID`, `ProductName`, `Supplier`) VALUES
	('1', 'warehouse4', '43', 'Product43', 'Supplier82'),
	('10', 'warehouse4', '15', 'Product15', 'Supplier65'),
	('11', 'warehouse2', '37', 'Product37', 'Supplier77'),
	('12', 'warehouse0', '82', 'Product82', 'Supplier58'),
	('13', 'warehouse7', '77', 'Product77', 'Supplier89'),
	('14', 'warehouse6', '7', 'Product7', 'Supplier83'),
	('15', 'warehouse6', '30', 'Product30', 'Supplier11'),
	('16', 'warehouse9', '67', 'Product67', 'Supplier31'),
	('17', 'warehouse4', '71', 'Product71', 'Supplier70'),
	('18', 'warehouse0', '35', 'Product35', 'Supplier33'),
	('19', 'warehouse5', '75', 'Product75', 'Supplier55'),
	('2', 'warehouse7', '71', 'Product71', 'Supplier1'),
	('20', 'warehouse0', '54', 'Product54', 'Supplier0'),
	('21', 'warehouse9', '74', 'Product74', 'Supplier76'),
	('22', 'warehouse1', '64', 'Product64', 'Supplier63'),
	('23', 'warehouse4', '47', 'Product47', 'Supplier7'),
	('24', 'warehouse8', '57', 'Product57', 'Supplier6'),
	('25', 'warehouse6', '51', 'Product51', 'Supplier98'),
	('26', 'warehouse2', '54', 'Product54', 'Supplier94'),
	('27', 'warehouse5', '24', 'Product24', 'Supplier58'),
	('28', 'warehouse2', '52', 'Product52', 'Supplier72'),
	('29', 'warehouse4', '76', 'Product76', 'Supplier86'),
	('3', 'warehouse5', '78', 'Product78', 'Supplier99'),
	('30', 'warehouse9', '2', 'Product2', 'Supplier27'),
	('31', 'warehouse7', '62', 'Product62', 'Supplier67'),
	('32', 'warehouse5', '21', 'Product21', 'Supplier20'),
	('33', 'warehouse9', '87', 'Product87', 'Supplier39'),
	('34', 'warehouse0', '88', 'Product88', 'Supplier41'),
	('35', 'warehouse2', '99', 'Product99', 'Supplier18'),
	('36', 'warehouse5', '94', 'Product94', 'Supplier49'),
	('37', 'warehouse5', '94', 'Product94', 'Supplier35'),
	('38', 'warehouse4', '53', 'Product53', 'Supplier13'),
	('39', 'warehouse5', '58', 'Product58', 'Supplier89'),
	('4', 'warehouse5', '60', 'Product60', 'Supplier46'),
	('40', 'warehouse3', '81', 'Product81', 'Supplier57'),
	('41', 'warehouse4', '55', 'Product55', 'Supplier80'),
	('42', 'warehouse6', '90', 'Product90', 'Supplier10'),
	('43', 'warehouse4', '10', 'Product10', 'Supplier19'),
	('44', 'warehouse7', '52', 'Product52', 'Supplier95'),
	('45', 'warehouse4', '18', 'Product18', 'Supplier32'),
	('46', 'warehouse9', '97', 'Product97', 'Supplier36'),
	('47', 'warehouse8', '42', 'Product42', 'Supplier99'),
	('48', 'warehouse7', '87', 'Product87', 'Supplier96'),
	('49', 'warehouse8', '55', 'Product55', 'Supplier83'),
	('5', 'warehouse6', '37', 'Product37', 'Supplier99'),
	('50', 'warehouse6', '0', 'Product0', 'Supplier48'),
	('51', 'warehouse7', '42', 'Product42', 'Supplier72'),
	('52', 'warehouse5', '74', 'Product74', 'Supplier15'),
	('53', 'warehouse8', '17', 'Product17', 'Supplier28'),
	('54', 'warehouse4', '88', 'Product88', 'Supplier10'),
	('55', 'warehouse9', '16', 'Product16', 'Supplier32'),
	('56', 'warehouse9', '52', 'Product52', 'Supplier90'),
	('57', 'warehouse9', '5', 'Product5', 'Supplier76'),
	('58', 'warehouse4', '67', 'Product67', 'Supplier89'),
	('59', 'warehouse2', '31', 'Product31', 'Supplier55'),
	('6', 'warehouse2', '6', 'Product6', 'Supplier13'),
	('60', 'warehouse0', '17', 'Product17', 'Supplier17'),
	('61', 'warehouse3', '77', 'Product77', 'Supplier39'),
	('62', 'warehouse0', '10', 'Product10', 'Supplier45'),
	('63', 'warehouse7', '0', 'Product0', 'Supplier89'),
	('64', 'warehouse6', '19', 'Product19', 'Supplier90'),
	('65', 'warehouse8', '6', 'Product6', 'Supplier78'),
	('66', 'warehouse9', '55', 'Product55', 'Supplier62'),
	('67', 'warehouse8', '45', 'Product45', 'Supplier97'),
	('68', 'warehouse7', '2', 'Product2', 'Supplier6'),
	('69', 'warehouse5', '8', 'Product8', 'Supplier29'),
	('7', 'warehouse3', '45', 'Product45', 'Supplier8'),
	('70', 'warehouse2', '62', 'Product62', 'Supplier75'),
	('71', 'warehouse9', '47', 'Product47', 'Supplier36'),
	('72', 'warehouse4', '11', 'Product11', 'Supplier62'),
	('73', 'warehouse7', '28', 'Product28', 'Supplier13'),
	('74', 'warehouse7', '3', 'Product3', 'Supplier37'),
	('75', 'warehouse0', '39', 'Product39', 'Supplier41'),
	('76', 'warehouse5', '7', 'Product7', 'Supplier82'),
	('77', 'warehouse8', '5', 'Product5', 'Supplier3'),
	('78', 'warehouse4', '72', 'Product72', 'Supplier60'),
	('79', 'warehouse1', '31', 'Product31', 'Supplier8'),
	('8', 'warehouse6', '99', 'Product99', 'Supplier84'),
	('80', 'warehouse4', '42', 'Product42', 'Supplier52'),
	('81', 'warehouse6', '78', 'Product78', 'Supplier72'),
	('82', 'warehouse4', '63', 'Product63', 'Supplier19'),
	('83', 'warehouse8', '91', 'Product91', 'Supplier78'),
	('84', 'warehouse9', '58', 'Product58', 'Supplier82'),
	('85', 'warehouse5', '7', 'Product7', 'Supplier38'),
	('86', 'warehouse3', '66', 'Product66', 'Supplier91'),
	('87', 'warehouse9', '42', 'Product42', 'Supplier66'),
	('88', 'warehouse4', '21', 'Product21', 'Supplier58'),
	('89', 'warehouse9', '57', 'Product57', 'Supplier24'),
	('9', 'warehouse9', '11', 'Product11', 'Supplier99'),
	('90', 'warehouse2', '6', 'Product6', 'Supplier64'),
	('91', 'warehouse4', '95', 'Product95', 'Supplier22'),
	('92', 'warehouse4', '21', 'Product21', 'Supplier65'),
	('93', 'warehouse1', '20', 'Product20', 'Supplier19'),
	('94', 'warehouse6', '35', 'Product35', 'Supplier35'),
	('95', 'warehouse7', '33', 'Product33', 'Supplier37'),
	('96', 'warehouse3', '83', 'Product83', 'Supplier52'),
	('97', 'warehouse8', '86', 'Product86', 'Supplier3'),
	('98', 'warehouse5', '82', 'Product82', 'Supplier87'),
	('99', 'warehouse4', '68', 'Product68', 'Supplier0');

-- Dumping structure for table smarttrack_db.migrations
DROP TABLE IF EXISTS `migrations`;
CREATE TABLE IF NOT EXISTS `migrations` (
  `id` int unsigned NOT NULL AUTO_INCREMENT,
  `migration` varchar(255) COLLATE utf8mb4_unicode_ci NOT NULL,
  `batch` int NOT NULL,
  PRIMARY KEY (`id`)
) ENGINE=InnoDB AUTO_INCREMENT=2 DEFAULT CHARSET=utf8mb4 COLLATE=utf8mb4_unicode_ci;

-- Dumping data for table smarttrack_db.migrations: ~0 rows (approximately)
INSERT INTO `migrations` (`id`, `migration`, `batch`) VALUES
	(1, '2019_12_14_000001_create_personal_access_tokens_table', 1);

-- Dumping structure for table smarttrack_db.personal_access_tokens
DROP TABLE IF EXISTS `personal_access_tokens`;
CREATE TABLE IF NOT EXISTS `personal_access_tokens` (
  `id` bigint unsigned NOT NULL AUTO_INCREMENT,
  `tokenable_type` varchar(255) COLLATE utf8mb4_unicode_ci NOT NULL,
  `tokenable_id` bigint unsigned NOT NULL,
  `name` varchar(255) COLLATE utf8mb4_unicode_ci NOT NULL,
  `token` varchar(64) COLLATE utf8mb4_unicode_ci NOT NULL,
  `abilities` text COLLATE utf8mb4_unicode_ci,
  `last_used_at` timestamp NULL DEFAULT NULL,
  `expires_at` timestamp NULL DEFAULT NULL,
  `created_at` timestamp NULL DEFAULT NULL,
  `updated_at` timestamp NULL DEFAULT NULL,
  PRIMARY KEY (`id`),
  UNIQUE KEY `personal_access_tokens_token_unique` (`token`),
  KEY `personal_access_tokens_tokenable_type_tokenable_id_index` (`tokenable_type`,`tokenable_id`)
) ENGINE=InnoDB DEFAULT CHARSET=utf8mb4 COLLATE=utf8mb4_unicode_ci;

-- Dumping data for table smarttrack_db.personal_access_tokens: ~0 rows (approximately)

-- Dumping structure for table smarttrack_db.sessions
DROP TABLE IF EXISTS `sessions`;
CREATE TABLE IF NOT EXISTS `sessions` (
  `session_id` varchar(128) CHARACTER SET utf8mb4 COLLATE utf8mb4_bin NOT NULL,
  `expires` int unsigned NOT NULL,
  `data` mediumtext CHARACTER SET utf8mb4 COLLATE utf8mb4_bin,
  PRIMARY KEY (`session_id`)
) ENGINE=InnoDB DEFAULT CHARSET=utf8mb4 COLLATE=utf8mb4_0900_ai_ci;

-- Dumping data for table smarttrack_db.sessions: ~0 rows (approximately)
INSERT INTO `sessions` (`session_id`, `expires`, `data`) VALUES
	('IXMzu3GWmfDqsLaZA_oSLLkTVrtZaD_g', 1687062132, '{"cookie":{"originalMaxAge":null,"expires":null,"httpOnly":true,"path":"/"}}');

-- Dumping structure for table smarttrack_db.supplier
DROP TABLE IF EXISTS `supplier`;
CREATE TABLE IF NOT EXISTS `supplier` (
  `CompanyName` varchar(50) CHARACTER SET utf8mb4 COLLATE utf8mb4_0900_ai_ci NOT NULL,
  `Phone` varchar(50) CHARACTER SET utf8mb4 COLLATE utf8mb4_0900_ai_ci NOT NULL,
  `Email` varchar(50) CHARACTER SET utf8mb4 COLLATE utf8mb4_0900_ai_ci NOT NULL,
  `Address` varchar(75) CHARACTER SET utf8mb4 COLLATE utf8mb4_0900_ai_ci NOT NULL,
  PRIMARY KEY (`CompanyName`)
) ENGINE=InnoDB DEFAULT CHARSET=utf8mb4 COLLATE=utf8mb4_0900_ai_ci;

-- Dumping data for table smarttrack_db.supplier: ~100 rows (approximately)
INSERT INTO `supplier` (`CompanyName`, `Phone`, `Email`, `Address`) VALUES
	('Supplier0', 'phone0', 'email0', 'address0'),
	('Supplier1', 'phone1', 'email1', 'address1'),
	('Supplier10', 'phone10', 'email10', 'address10'),
	('Supplier11', 'phone11', 'email11', 'address11'),
	('Supplier12', 'phone12', 'email12', 'address12'),
	('Supplier13', 'phone13', 'email13', 'address13'),
	('Supplier14', 'phone14', 'email14', 'address14'),
	('Supplier15', 'phone15', 'email15', 'address15'),
	('Supplier16', 'phone16', 'email16', 'address16'),
	('Supplier17', 'phone17', 'email17', 'address17'),
	('Supplier18', 'phone18', 'email18', 'address18'),
	('Supplier19', 'phone19', 'email19', 'address19'),
	('Supplier2', 'phone2', 'email2', 'address2'),
	('Supplier20', 'phone20', 'email20', 'address20'),
	('Supplier21', 'phone21', 'email21', 'address21'),
	('Supplier22', 'phone22', 'email22', 'address22'),
	('Supplier23', 'phone23', 'email23', 'address23'),
	('Supplier24', 'phone24', 'email24', 'address24'),
	('Supplier25', 'phone25', 'email25', 'address25'),
	('Supplier26', 'phone26', 'email26', 'address26'),
	('Supplier27', 'phone27', 'email27', 'address27'),
	('Supplier28', 'phone28', 'email28', 'address28'),
	('Supplier29', 'phone29', 'email29', 'address29'),
	('Supplier3', 'phone3', 'email3', 'address3'),
	('Supplier30', 'phone30', 'email30', 'address30'),
	('Supplier31', 'phone31', 'email31', 'address31'),
	('Supplier32', 'phone32', 'email32', 'address32'),
	('Supplier33', 'phone33', 'email33', 'address33'),
	('Supplier34', 'phone34', 'email34', 'address34'),
	('Supplier35', 'phone35', 'email35', 'address35'),
	('Supplier36', 'phone36', 'email36', 'address36'),
	('Supplier37', 'phone37', 'email37', 'address37'),
	('Supplier38', 'phone38', 'email38', 'address38'),
	('Supplier39', 'phone39', 'email39', 'address39'),
	('Supplier4', 'phone4', 'email4', 'address4'),
	('Supplier40', 'phone40', 'email40', 'address40'),
	('Supplier41', 'phone41', 'email41', 'address41'),
	('Supplier42', 'phone42', 'email42', 'address42'),
	('Supplier43', 'phone43', 'email43', 'address43'),
	('Supplier44', 'phone44', 'email44', 'address44'),
	('Supplier45', 'phone45', 'email45', 'address45'),
	('Supplier46', 'phone46', 'email46', 'address46'),
	('Supplier47', 'phone47', 'email47', 'address47'),
	('Supplier48', 'phone48', 'email48', 'address48'),
	('Supplier49', 'phone49', 'email49', 'address49'),
	('Supplier5', 'phone5', 'email5', 'address5'),
	('Supplier50', 'phone50', 'email50', 'address50'),
	('Supplier51', 'phone51', 'email51', 'address51'),
	('Supplier52', 'phone52', 'email52', 'address52'),
	('Supplier53', 'phone53', 'email53', 'address53'),
	('Supplier54', 'phone54', 'email54', 'address54'),
	('Supplier55', 'phone55', 'email55', 'address55'),
	('Supplier56', 'phone56', 'email56', 'address56'),
	('Supplier57', 'phone57', 'email57', 'address57'),
	('Supplier58', 'phone58', 'email58', 'address58'),
	('Supplier59', 'phone59', 'email59', 'address59'),
	('Supplier6', 'phone6', 'email6', 'address6'),
	('Supplier60', 'phone60', 'email60', 'address60'),
	('Supplier61', 'phone61', 'email61', 'address61'),
	('Supplier62', 'phone62', 'email62', 'address62'),
	('Supplier63', 'phone63', 'email63', 'address63'),
	('Supplier64', 'phone64', 'email64', 'address64'),
	('Supplier65', 'phone65', 'email65', 'address65'),
	('Supplier66', 'phone66', 'email66', 'address66'),
	('Supplier67', 'phone67', 'email67', 'address67'),
	('Supplier68', 'phone68', 'email68', 'address68'),
	('Supplier69', 'phone69', 'email69', 'address69'),
	('Supplier7', 'phone7', 'email7', 'address7'),
	('Supplier70', 'phone70', 'email70', 'address70'),
	('Supplier71', 'phone71', 'email71', 'address71'),
	('Supplier72', 'phone72', 'email72', 'address72'),
	('Supplier73', 'phone73', 'email73', 'address73'),
	('Supplier74', 'phone74', 'email74', 'address74'),
	('Supplier75', 'phone75', 'email75', 'address75'),
	('Supplier76', 'phone76', 'email76', 'address76'),
	('Supplier77', 'phone77', 'email77', 'address77'),
	('Supplier78', 'phone78', 'email78', 'address78'),
	('Supplier79', 'phone79', 'email79', 'address79'),
	('Supplier8', 'phone8', 'email8', 'address8'),
	('Supplier80', 'phone80', 'email80', 'address80'),
	('Supplier81', 'phone81', 'email81', 'address81'),
	('Supplier82', 'phone82', 'email82', 'address82'),
	('Supplier83', 'phone83', 'email83', 'address83'),
	('Supplier84', 'phone84', 'email84', 'address84'),
	('Supplier85', 'phone85', 'email85', 'address85'),
	('Supplier86', 'phone86', 'email86', 'address86'),
	('Supplier87', 'phone87', 'email87', 'address87'),
	('Supplier88', 'phone88', 'email88', 'address88'),
	('Supplier89', 'phone89', 'email89', 'address89'),
	('Supplier9', 'phone9', 'email9', 'address9'),
	('Supplier90', 'phone90', 'email90', 'address90'),
	('Supplier91', 'phone91', 'email91', 'address91'),
	('Supplier92', 'phone92', 'email92', 'address92'),
	('Supplier93', 'phone93', 'email93', 'address93'),
	('Supplier94', 'phone94', 'email94', 'address94'),
	('Supplier95', 'phone95', 'email95', 'address95'),
	('Supplier96', 'phone96', 'email96', 'address96'),
	('Supplier97', 'phone97', 'email97', 'address97'),
	('Supplier98', 'phone98', 'email98', 'address98'),
	('Supplier99', 'phone99', 'email99', 'address99');

-- Dumping structure for table smarttrack_db.test
DROP TABLE IF EXISTS `test`;
CREATE TABLE IF NOT EXISTS `test` (
  `field1` varchar(50) DEFAULT NULL,
  `field2` varchar(50) DEFAULT NULL
) ENGINE=InnoDB DEFAULT CHARSET=utf8mb4 COLLATE=utf8mb4_0900_ai_ci;

-- Dumping data for table smarttrack_db.test: ~0 rows (approximately)
INSERT INTO `test` (`field1`, `field2`) VALUES
	('1', '1234');

/*!40103 SET TIME_ZONE=IFNULL(@OLD_TIME_ZONE, 'system') */;
/*!40101 SET SQL_MODE=IFNULL(@OLD_SQL_MODE, '') */;
/*!40014 SET FOREIGN_KEY_CHECKS=IFNULL(@OLD_FOREIGN_KEY_CHECKS, 1) */;
/*!40101 SET CHARACTER_SET_CLIENT=@OLD_CHARACTER_SET_CLIENT */;
/*!40111 SET SQL_NOTES=IFNULL(@OLD_SQL_NOTES, 1) */;
